text,language
Dzień dobry jak się dzisiaj czujesz,pl
Lubię czytać książki i chodzić na spacery,pl
To jest przykładowe zdanie w języku polskim,pl
Jutro pojedziemy pociągiem do Warszawy,pl
Proszę podać mi szklankę wody,pl
Gdzie znajduje się najbliższy sklep,pl
Moja rodzina mieszka w małym mieście,pl
Dzisiaj jest piękna pogoda i świeci słońce,pl
Muszę przygotować raport na następny sprint,pl
Po lunchu omówimy wyniki i dalszy plan pracy,pl
Sprawdzę ten pull request kiedy skończę swoje zadanie,pl
Nasz team pracuje nad nową wersją aplikacji,pl
Zrobiłem backup dokumentów przed aktualizacją systemu,pl
Ten laptop dobrze działa i jest bardzo lekki,pl
To jest mój nowy komputer do pracy,pl
Nie mam dziś czasu na kolejne spotkanie,pl
Musze przygotowac raport na jutro i wyslac go do kolegi,pl
Chce nauczyc sie programowania i budowania modeli,pl
Good morning how are you feeling today,en
I enjoy reading books and going for walks,en
This is an example sentence in English,en
Tomorrow we will take the train to London,en
Please give me a glass of water,en
Where is the nearest grocery store,en
My family lives in a small town,en
The weather is beautiful and the sun is shining,en
Our team is working on a new version of the application,en
I need to prepare a report for the next sprint,en
I made a backup of the documents before updating the system,en
This is my new laptop for work,en
We will discuss the results after lunch,en
Guten Morgen wie geht es dir heute,de
Ich lese gerne Bücher und gehe spazieren,de
Dies ist ein Beispielsatz auf Deutsch,de
Morgen fahren wir mit dem Zug nach Berlin,de
Bitte geben Sie mir ein Glas Wasser,de
Wo befindet sich der nächste Supermarkt,de
Meine Familie wohnt in einer kleinen Stadt,de
Heute ist das Wetter schön und die Sonne scheint,de
Buongiorno come ti senti oggi,it
Mi piace leggere libri e fare passeggiate,it
Questa è una frase di esempio in italiano,it
Domani prenderemo il treno per Roma,it
Per favore dammi un bicchiere di acqua,it
Dove si trova il supermercato più vicino,it
La mia famiglia vive in una piccola città,it
Oggi il tempo è bello e splende il sole,it
おはようございます今日はお元気ですか,ja
本を読んだり散歩したりするのが好きです,ja
これは日本語の例文です,ja
明日は電車で東京に行きます,ja
水を一杯ください,ja
一番近いスーパーはどこですか,ja
私の家族は小さな町に住んでいます,ja
今日は天気が良くて太陽が輝いています,ja
