language,text
pl,"Od wczoraj nie dochodzą do mnie wiadomości od klientów, chociaż koledzy je dostają."
pl,"Po ostatnim update zniknęła mi opcja zatwierdzania wniosków."
pl,"Czy możecie sprawdzić backup? W folderze brakuje dokumentów z piątku."
pl,"Nie widze zalacznikow w mailach od dostawcy, prosze sprawdzic filtry."
pl,"Na callu wszyscy mnie słyszą, ale ja nikogo."
pl,"Token wygasl i nie moge wejsc na portal z domu."
pl,"Proszę dodać Martę do grupy zakupowej, zastępuje mnie podczas urlopu."
pl,"Po zmianie hasla telefon ciagle prosi mnie o ponowne logowanie."
pl,"Mój request nadal wisi, mimo że manager go zaakceptował."
pl,"Na ekranie jest komunikat access denied, ale tylko przy jednym zamówieniu."
pl,"Wydruki wychodzą całkiem puste, mimo że tusz jest nowy."
pl,"Komp sie wylacza jak odpalam raport, da sie cos z tym zrobic?"
en,"Invoices sent yesterday are still sitting in the outbox."
en,"After switching desks, my second screen stays black."
en,"The approval button disappears whenever I select this supplier."
en,"Could someone check why the warehouse scanner keeps losing its connection?"
en,"My badge stopped opening the side entrance this morning."
en,"The headset works for music but nobody hears me during calls."
en,"Need read-only access to last quarter's delivery records."
en,"The attachment was blocked although it came from our regular supplier."
en,"Laptop wont wake up after lunch, power light is blinking."
en,"The reset link opens a blank page instead of the form."
de,"Seit dem Umzug ins andere Büro bleibt mein zweiter Bildschirm schwarz."
de,"Die Rechnung hängt noch im Ausgang, obwohl ich sie gestern abgeschickt habe."
de,"Könnt ihr bitte prüfen, warum der Scanner ständig die Verbindung verliert?"
de,"Nach dem letzten Update fehlt bei mir die Freigabe-Schaltfläche."
de,"Beim Öffnen des Reports schließt sich das Fenster sofort wieder."
de,"Mein Headset funktioniert, aber im Call hört mich niemand."
cs,"Od včerejška se mi neukládají změny v objednávce."
cs,"Po přestěhování do jiné kanceláře mám černý druhý monitor."
cs,"Můžete prosím zjistit, proč se čtečka pořád odpojuje?"
sk,"Po zmene hesla sa mi telefón stále pýta na prihlásenie."
sk,"Prosím skontrolujte, prečo sa objednávka nedá potvrdiť."
pt,"Desde ontem os ficheiros enviados pelos clientes não aparecem na pasta partilhada."
pt,"O segundo ecrã ficou preto depois de mudar de secretária."
es,"El enlace para cambiar la contraseña abre una página en blanco."
es,"Desde ayer no se guardan los cambios que hago en los pedidos."
fr,"Depuis hier, les pièces jointes des fournisseurs sont bloquées."
fr,"Le bouton de validation disparaît lorsque je choisis ce client."
it,"Dopo il cambio di password il telefono continua a chiedermi di accedere."
it,"Lo schermo rimane nero quando torno dalla pausa pranzo."
nl,"Sinds gisteren verdwijnen mijn wijzigingen zodra ik de bestelling sluit."
nl,"De link om mijn wachtwoord te wijzigen opent alleen een lege pagina."
sv,"Sedan igår sparas inte ändringarna i beställningen."
sv,"Mitt headset fungerar men ingen hör mig under mötet."
nb,"Etter at jeg byttet passord, ber telefonen stadig om at jeg logger inn igjen."
nb,"Kan dere sjekke hvorfor vedleggene fra leverandøren blir blokkert?"
tr,"Şifremi değiştirdikten sonra telefon sürekli yeniden giriş yapmamı istiyor."
tr,"Dünkü faturalar hâlâ gönderilmedi, kontrol eder misiniz?"
ru,"После смены пароля телефон постоянно просит войти заново."
ru,"Сканер на складе теряет соединение каждые несколько минут."
uk,"Після зміни пароля телефон постійно просить увійти знову."
uk,"Не зберігаються зміни в замовленні, хоча повідомлень про помилки немає."
zh,"昨天发给客户的邮件一直留在发件箱里，请帮忙检查。"
zh,"换到新的办公桌后，第二个显示器一直是黑屏。"
ja,"パスワードを変更してから、スマートフォンで何度もログインを求められます。"
ja,"注文を閉じると変更内容が保存されません。確認をお願いします。"
ko,"비밀번호를 바꾼 뒤 휴대폰에서 계속 다시 로그인하라고 합니다."
ko,"어제부터 주문 수정 내용이 저장되지 않습니다."
ar,"بعد تغيير كلمة المرور يطلب الهاتف تسجيل الدخول مرة أخرى باستمرار."
ar,"الرسائل التي أرسلتها أمس ما زالت في صندوق الصادر، أرجو التحقق."
hi,"पासवर्ड बदलने के बाद फोन बार-बार लॉग इन करने को कह रहा है।"
hi,"कल भेजे गए ईमेल अभी भी आउटबॉक्स में हैं, कृपया जाँच करें।"
und,"SAP / VPN / MFA"
und,"ERR_AUTH_401"
und,"INC987654321"
und,"OK"
und,"Proxy"
und,"SN: 123456789"
